-- -------------------------------------------------------------
-- TablePlus 6.7.4(642)
--
-- https://tableplus.com/
--
-- Database: eshop
-- Generation Time: 2025-12-02 18:24:40.7160
-- -------------------------------------------------------------


DROP TABLE IF EXISTS "public"."product";
-- Table Definition
CREATE TABLE "public"."product" (
    "product_id" varchar(25) NOT NULL,
    "category_id" varchar(20) NOT NULL,
    "product_name" varchar(255) NOT NULL,
    "price" int4 NOT NULL,
    "quantity" int4 NOT NULL,
    PRIMARY KEY ("product_id")
);

DROP TABLE IF EXISTS "public"."payment";
-- Table Definition
CREATE TABLE "public"."payment" (
    "payment_id" varchar(20) NOT NULL,
    "user_id" varchar(20) NOT NULL,
    "order_id" varchar(20) NOT NULL,
    "payment_date" date NOT NULL,
    "amount" float8 NOT NULL,
    "payment_method" varchar(255) NOT NULL,
    PRIMARY KEY ("payment_id")
);

DROP TABLE IF EXISTS "public"."categories";
-- Table Definition
CREATE TABLE "public"."categories" (
    "category_id" varchar(20) NOT NULL,
    "category_name" varchar(255) NOT NULL,
    PRIMARY KEY ("category_id")
);

DROP TABLE IF EXISTS "public"."reviews";
-- Table Definition
CREATE TABLE "public"."reviews" (
    "review_id" varchar(20) NOT NULL,
    "product_id" varchar(20) NOT NULL,
    "user_id" varchar(20) NOT NULL,
    "rating" int4 NOT NULL,
    PRIMARY KEY ("review_id")
);

DROP TABLE IF EXISTS "public"."users";
-- Table Definition
CREATE TABLE "public"."users" (
    "user_id" varchar(20) NOT NULL,
    "user_name" varchar(255) NOT NULL,
    "email" varchar(255) NOT NULL,
    "mobile_no" varchar(20) NOT NULL,
    "billing_address" varchar(255) NOT NULL,
    PRIMARY KEY ("user_id")
);

DROP TABLE IF EXISTS "public"."address";
-- Table Definition
CREATE TABLE "public"."address" (
    "user_id" varchar(20) NOT NULL,
    "street_address" varchar(255) NOT NULL,
    "city" varchar(255) NOT NULL,
    "state" varchar(255) NOT NULL,
    "pin_code" int4 NOT NULL,
    "country" varchar(255) NOT NULL,
    PRIMARY KEY ("user_id")
);

DROP TABLE IF EXISTS "public"."orders";
-- Table Definition
CREATE TABLE "public"."orders" (
    "order_id" varchar(20) NOT NULL,
    "product_id" varchar(20) NOT NULL,
    "user_id" varchar(20) NOT NULL,
    "quantity" int4 NOT NULL,
    "date_ordered" date NOT NULL,
    PRIMARY KEY ("order_id")
);

INSERT INTO "public"."product" ("product_id", "category_id", "product_name", "price", "quantity") VALUES
('P0001', 'C0009', 'Recliner Chair', 18000, 6),
('P0002', 'C0001', 'Smart Watch', 5000, 20),
('P0003', 'C0007', '"The Lord of the Rings" by J.R.R. Tolkien', 800, 10),
('P0004', 'C0002', 'Women''s Kurti', 1200, 40),
('P0005', 'C0010', 'Crackers', 80, 100),
('P0006', 'C0001', 'Bluetooth Earphones', 2500, 30),
('P0007', 'C0004', 'Hair Oil', 300, 40),
('P0008', 'C0010', 'Trail Mix', 250, 50),
('P0009', 'C0003', 'Wall Clock', 800, 15),
('P0010', 'C0007', 'Highlighter Set', 200, 75),
('P0011', 'C0007', '"One Hundred Years of Solitude" by Gabriel Garcia Marquez', 750, 7),
('P0012', 'C0009', 'Counter Stool', 7000, 15),
('P0013', 'C0010', 'Salsa', 200, 50),
('P0014', 'C0005', 'Action Figure', 800, 20),
('P0015', 'C0003', 'Table Lamp', 1200, 10),
('P0016', 'C0007', 'Pen Set', 500, 50),
('P0017', 'C0004', 'Face Cream', 500, 50),
('P0018', 'C0005', 'Board Game', 1500, 5),
('P0019', 'C0002', 'Men''s Formal Shirt', 1500, 25),
('P0020', 'C0001', 'Bluetooth Speaker', 3500, 15),
('P0021', 'C0007', 'Envelope Pack', 300, 75),
('P0022', 'C0002', 'Women''s Jeans', 2000, 30),
('P0023', 'C0003', 'Bed Sheets', 1200, 20),
('P0024', 'C0004', 'Lipstick', 600, 50),
('P0025', 'C0003', 'Mirror', 1000, 10),
('P0026', 'C0005', 'Remote Control Car', 2000, 10),
('P0027', 'C0003', 'Photo Frame', 500, 25),
('P0028', 'C0004', 'Body Lotion', 700, 40),
('P0029', 'C0005', 'Puzzle Set', 800, 15),
('P0030', 'C0008', 'Women''s Sandals', 1200, 35),
('P0031', 'C0001', 'Action Camera', 4000, 5),
('P0032', 'C0009', 'Lounge Chair', 15000, 8),
('P0033', 'C0007', 'Printer Paper', 250, 100),
('P0034', 'C0002', 'Men''s T-Shirt', 800, 50),
('P0035', 'C0003', 'Curtains', 1500, 20),
('P0036', 'C0004', 'Mascara', 500, 30),
('P0037', 'C0007', 'Calculator', 400, 50),
('P0038', 'C0003', 'Vase', 600, 20),
('P0039', 'C0005', 'Chess Set', 1000, 10),
('P0040', 'C0003', 'Decorative Cushion', 800, 15),
('P0041', 'C0004', 'Shampoo', 300, 50),
('P0042', 'C0007', 'Sticky Notes', 100, 200),
('P0043', 'C0005', 'Frisbee', 500, 10),
('P0044', 'C0004', 'Women''s Sunglasses', 1000, 25),
('P0045', 'C0001', 'Wireless Headphones', 3000, 20),
('P0046', 'C0002', 'Men''s Sweatshirt', 2000, 30),
('P0047', 'C0010', 'Tea Bags', 100, 150),
('P0048', 'C0007', 'File Folders', 150, 150),
('P0049', 'C0002', 'Women''s tshirt', 500, 30),
('P0050', 'C0004', 'Face Wash', 400, 50),
('P0051', 'C0007', 'Desk Organizer', 800, 25),
('P0052', 'C0010', 'BBQ Sauce', 150, 100),
('P0053', 'C0003', 'Candle Holder', 700, 15),
('P0054', 'C0005', 'Dart Board', 1500, 10),
('P0055', 'C0003', 'Wall Art', 1200, 10),
('P0056', 'C0010', 'Oatmeal', 5000, 20),
('P0057', 'C0007', 'Bookends', 600, 20),
('P0058', 'C0004', 'Deodorant', 250, 50),
('P0059', 'C0005', 'Basketball', 1000, 5),
('P0060', 'C0002', 'Women''s Skirt', 1500, 20),
('P0061', 'C0009', 'Bean Bag Chair', 5000, 20),
('P0062', 'C0007', 'Notebook', 300, 100),
('P0063', 'C0009', 'Desk', 15000, 8),
('P0064', 'C0001', 'Blender', 4000, 10),
('P0065', 'C0002', 'Men''s Belt', 800, 30),
('P0066', 'C0007', 'Pencil Case', 200, 100),
('P0067', 'C0009', 'Wardrobe', 30000, 3),
('P0068', 'C0004', 'Toothpaste', 150, 60),
('P0069', 'C0010', 'Protein Powder', 250, 50),
('P0070', 'C0003', 'Wall Mirror', 900, 15),
('P0071', 'C0005', 'Foosball Table', 2500, 5),
('P0072', 'C0010', 'Ice Cream', 300, 25),
('P0073', 'C0003', 'Pillow Covers', 500, 25),
('P0074', 'C0004', 'Body Scrub', 350, 30),
('P0075', 'C0003', 'Coasters Set', 300, 20),
('P0076', 'C0010', 'Assorted Dried Fruits', 400, 30),
('P0077', 'C0005', 'Remote Control Helicopter', 3000, 10),
('P0078', 'C0002', 'Women''s Scarf', 1000, 40),
('P0079', 'C0007', '"The Hunger Games" by Suzanne Collins', 1100, 5),
('P0080', 'C0001', 'Smartphone', 15000, 5),
('P0081', 'C0007', 'Eraser Set', 100, 150),
('P0082', 'C0004', 'Hand Sanitizer', 50, 100),
('P0083', 'C0003', 'Scented Candles', 400, 25),
('P0084', 'C0005', 'Marble Chess Set', 2000, 5),
('P0085', 'C0006', 'Inline Skates', 1500, 15),
('P0086', 'C0010', 'Biscuits', 100, 150),
('P0087', 'C0004', 'Dental Floss', 80, 40),
('P0088', 'C0010', 'Ramen Noodles', 30, 300),
('P0089', 'C0007', 'Highlighter Pen', 50, 200),
('P0090', 'C0003', 'Decorative Tray', 600, 10),
('P0091', 'C0005', 'RC Boat', 3500, 5),
('P0092', 'C0001', 'Women''s Watch', 2500, 20),
('P0093', 'C0010', 'Protein Bars', 80, 100),
('P0094', 'C0009', 'Bed Frame', 25000, 3),
('P0095', 'C0001', 'Tablet', 8000, 10),
('P0096', 'C0009', 'Cabinet', 18000, 5),
('P0097', 'C0007', '"Pride and Prejudice" by Jane Austen', 600, 9),
('P0098', 'C0007', 'Stapler', 200, 50),
('P0099', 'C0004', 'Serum', 200, 30),
('P0100', 'C0003', 'Wall Shelf', 1200, 15),
('P0101', 'C0010', 'Sweet Corn', 50, 200),
('P0102', 'C0005', 'Badminton Racket', 1000, 10),
('P0103', 'C0002', 'Women''s Hoodie', 1800, 25),
('P0104', 'C0010', 'Beef Jerky', 200, 75),
('P0105', 'C0007', 'Paper Clips', 50, 150),
('P0106', 'C0007', '"The Alchemist" by Paulo Coelho', 750, 11),
('P0107', 'C0010', 'Coconut Water', 50, 200),
('P0108', 'C0009', 'Side Table', 7000, 15),
('P0109', 'C0010', 'Vegetable Chips', 150, 75),
('P0110', 'C0003', 'Bath Mats', 300, 100),
('P0111', 'C0009', 'Bench', 10000, 10),
('P0112', 'C0009', 'Sofa', 20000, 5),
('P0113', 'C0010', 'Popcorn', 100, 150),
('P0114', 'C0007', '"To Kill a Mockingbird" by Harper Lee', 300, 18),
('P0115', 'C0010', 'Assorted Nuts', 300, 50),
('P0116', 'C0009', 'Dining Table', 15000, 7),
('P0117', 'C0009', 'Coffee Table', 10000, 10),
('P0118', 'C0009', 'Bookshelf', 8000, 12),
('P0119', 'C0010', 'Ground Coffee', 250, 50),
('P0120', 'C0009', 'Armchair', 12000, 8),
('P0121', 'C0009', 'TV Stand', 9000, 15),
('P0122', 'C0010', 'Coffee Beans', 150, 100),
('P0123', 'C0009', 'Dresser', 20000, 4),
('P0124', 'C0010', 'Vegetable Juice', 150, 75),
('P0125', 'C0009', 'Sectional Sofa', 35000, 2),
('P0126', 'C0009', 'Bar Stool', 8000, 12),
('P0127', 'C0005', 'Flying Disc', 250, 10),
('P0128', 'C0007', '"Brave New World" by Aldous Huxley', 1000, 10),
('P0129', 'C0008', 'Men''s Shoes', 2000, 25),
('P0130', 'C0006', 'Gym Bag', 400, 30),
('P0131', 'C0003', 'Table Runner', 300, 25),
('P0132', 'C0007', 'Binder Clips', 100, 200),
('P0133', 'C0004', 'Shower Gel', 250, 40),
('P0134', 'C0005', 'Volleyball', 1000, 5),
('P0135', 'C0004', 'Men''s Watch', 3000, 15),
('P0136', 'C0001', 'Wireless Mouse', 800, 20),
('P0137', 'C0007', 'Tape Dispenser', 150, 100),
('P0138', 'C0007', '"The Great Gatsby" by F. Scott Fitzgerald', 970, 11),
('P0139', 'C0004', 'Hand Cream', 200, 50),
('P0140', 'C0003', 'Plant Pot', 500, 10),
('P0141', 'C0005', 'Bean Bag Toss Game', 1500, 5),
('P0142', 'C0007', '"The Catcher in the Rye" by J.D. Salinger', 189, 9),
('P0143', 'C0006', 'Swim Suit', 1000, 20),
('P0144', 'C0007', 'Folder Set', 400, 50),
('P0145', 'C0002', 'Women''s Jacket', 3000, 15),
('P0146', 'C0001', 'Portable Hard Drive', 7000, 5),
('P0147', 'C0007', 'Ruler', 50, 200),
('P0148', 'C0007', '"1984" by George Orwell', 95, 21),
('P0149', 'C0004', 'Hair Conditioner', 400, 40),
('P0150', 'C0003', 'Tablecloth', 1000, 10),
('P0151', 'C0005', 'Ping Pong Balls', 50, 50),
('P0152', 'C0006', 'Boxing Gloves', 800, 15),
('P0153', 'C0004', 'Sunscreen', 500, 30),
('P0154', 'C0007', 'Percy Jackson', 200, 50),
('P0155', 'C0006', 'Badminton Set', 1000, 10);

INSERT INTO "public"."payment" ("payment_id", "user_id", "order_id", "payment_date", "amount", "payment_method") VALUES
('PAY001', 'U0005', 'O0001', '2022-05-20', 18000, 'Credit Card'),
('PAY002', 'U0027', 'O0002', '2023-05-04', 10000, 'Debit Card'),
('PAY003', 'U0001', 'O0003', '2022-02-05', 8000, 'Net Banking'),
('PAY004', 'U0021', 'O0004', '2023-09-17', 3200, 'Cash'),
('PAY005', 'U0003', 'O0005', '2023-09-09', 700, 'Credit Card'),
('PAY006', 'U0019', 'O0006', '2023-06-04', 4800, 'Debit Card'),
('PAY007', 'U0026', 'O0007', '2023-05-21', 320, 'Net Banking'),
('PAY008', 'U0003', 'O0008', '2022-04-22', 9000, 'Cash'),
('PAY009', 'U0028', 'O0009', '2023-05-31', 4200, 'Credit Card'),
('PAY010', 'U0003', 'O0010', '2022-08-09', 16000, 'Debit Card'),
('PAY011', 'U0028', 'O0011', '2023-08-17', 1000, 'Credit Card'),
('PAY012', 'U0013', 'O0012', '2023-03-14', 2500, 'Debit Card'),
('PAY013', 'U0023', 'O0013', '2022-06-22', 4900, 'Net Banking'),
('PAY014', 'U0029', 'O0014', '2022-05-29', 2100, 'Cash'),
('PAY015', 'U0017', 'O0015', '2022-09-10', 300, 'Credit Card'),
('PAY016', 'U0023', 'O0016', '2023-08-01', 1000, 'Debit Card'),
('PAY017', 'U0019', 'O0017', '2023-03-26', 4500, 'Net Banking'),
('PAY018', 'U0022', 'O0018', '2023-10-24', 2400, 'Cash'),
('PAY019', 'U0027', 'O0019', '2022-04-19', 30000, 'Credit Card'),
('PAY020', 'U0002', 'O0020', '2023-01-18', 250, 'Debit Card'),
('PAY021', 'U0029', 'O0021', '2023-05-24', 1400, 'Credit Card'),
('PAY022', 'U0027', 'O0022', '2022-06-04', 3750, 'Debit Card'),
('PAY023', 'U0013', 'O0023', '2022-05-19', 4200, 'Net Banking'),
('PAY024', 'U0021', 'O0024', '2022-11-10', 12000, 'Cash'),
('PAY025', 'U0002', 'O0025', '2023-11-23', 14000, 'Credit Card'),
('PAY026', 'U0022', 'O0026', '2022-03-25', 400, 'Debit Card'),
('PAY027', 'U0023', 'O0027', '2023-03-13', 3200, 'Net Banking'),
('PAY028', 'U0017', 'O0028', '2022-11-29', 2500, 'Cash'),
('PAY029', 'U0019', 'O0029', '2022-11-24', 500, 'Credit Card'),
('PAY030', 'U0019', 'O0030', '2023-04-23', 6000, 'Debit Card'),
('PAY031', 'U0020', 'O0031', '2023-02-03', 1400, 'Net Banking'),
('PAY032', 'U0023', 'O0032', '2022-03-02', 4000, 'Cash'),
('PAY033', 'U0022', 'O0033', '2022-06-13', 3000, 'Credit Card'),
('PAY034', 'U0021', 'O0034', '2023-07-12', 4500, 'Debit Card'),
('PAY035', 'U0007', 'O0035', '2023-01-19', 7200, 'Net Banking'),
('PAY036', 'U0004', 'O0036', '2023-05-10', 6000, 'Cash'),
('PAY037', 'U0027', 'O0037', '2022-05-09', 2500, 'Credit Card'),
('PAY038', 'U0013', 'O0038', '2022-04-19', 7000, 'Debit Card'),
('PAY039', 'U0016', 'O0039', '2022-05-09', 900, 'Net Banking'),
('PAY040', 'U0020', 'O0040', '2023-01-14', 3600, 'Cash'),
('PAY041', 'U0024', 'O0041', '2022-09-21', 1200, 'Debit Card'),
('PAY042', 'U0013', 'O0042', '2023-08-12', 2000, 'Credit Card'),
('PAY043', 'U0020', 'O0043', '2022-05-25', 12000, 'Net Banking'),
('PAY044', 'U0027', 'O0044', '2023-09-04', 3500, 'Credit Card'),
('PAY045', 'U0028', 'O0045', '2023-11-25', 8000, 'Net Banking'),
('PAY046', 'U0020', 'O0046', '2023-01-18', 15000, 'Cash'),
('PAY047', 'U0004', 'O0047', '2023-05-11', 1750, 'Net Banking'),
('PAY048', 'U0030', 'O0048', '2022-05-29', 3200, 'Cash'),
('PAY049', 'U0002', 'O0049', '2023-01-29', 5600, 'Debit Card'),
('PAY050', 'U0013', 'O0050', '2023-06-07', 6000, 'Debit Card'),
('PAY051', 'U0008', 'O0051', '2023-07-12', 800, 'Credit Card'),
('PAY052', 'U0012', 'O0052', '2022-06-17', 15000, 'Debit Card'),
('PAY053', 'U0021', 'O0053', '2022-04-11', 1800, 'Net Banking'),
('PAY054', 'U0022', 'O0054', '2022-05-16', 1000, 'Cash'),
('PAY055', 'U0007', 'O0055', '2023-10-21', 450, 'Credit Card'),
('PAY056', 'U0028', 'O0056', '2022-07-31', 2400, 'Debit Card'),
('PAY057', 'U0028', 'O0057', '2023-02-12', 2100, 'Net Banking'),
('PAY058', 'U0006', 'O0058', '2023-10-30', 700, 'Cash'),
('PAY059', 'U0011', 'O0059', '2022-12-18', 2000, 'Credit Card'),
('PAY060', 'U0011', 'O0060', '2022-08-20', 6000, 'Debit Card'),
('PAY061', 'U0019', 'O0061', '2022-06-12', 4500, 'Credit Card'),
('PAY062', 'U0008', 'O0062', '2023-07-27', 18000, 'Debit Card'),
('PAY063', 'U0021', 'O0063', '2022-05-12', 35000, 'Net Banking'),
('PAY064', 'U0013', 'O0064', '2022-10-26', 12000, 'Cash'),
('PAY065', 'U0020', 'O0065', '2023-11-14', 450, 'Credit Card'),
('PAY066', 'U0007', 'O0066', '2022-09-11', 3500, 'Debit Card'),
('PAY067', 'U0001', 'O0067', '2022-10-04', 400, 'Net Banking'),
('PAY068', 'U0004', 'O0068', '2022-02-27', 1250, 'Cash'),
('PAY069', 'U0005', 'O0069', '2023-04-05', 14000, 'Credit Card'),
('PAY070', 'U0008', 'O0070', '2022-02-11', 600, 'Debit Card'),
('PAY071', 'U0010', 'O0071', '2023-05-20', 5000, 'Credit Card'),
('PAY072', 'U0021', 'O0072', '2023-09-17', 9000, 'Debit Card'),
('PAY073', 'U0028', 'O0073', '2023-03-24', 480, 'Net Banking'),
('PAY074', 'U0019', 'O0074', '2023-09-13', 1500, 'Cash'),
('PAY075', 'U0018', 'O0075', '2022-06-11', 30000, 'Credit Card'),
('PAY076', 'U0017', 'O0076', '2023-09-22', 28000, 'Debit Card'),
('PAY077', 'U0007', 'O0077', '2022-11-08', 12000, 'Net Banking'),
('PAY078', 'U0019', 'O0078', '2023-02-01', 5600, 'Cash'),
('PAY079', 'U0015', 'O0079', '2022-11-07', 1050, 'Credit Card'),
('PAY080', 'U0003', 'O0080', '2022-05-24', 3000, 'Debit Card'),
('PAY081', 'U0005', 'O0081', '2022-05-09', 5400, 'Net Banking'),
('PAY082', 'U0008', 'O0082', '2022-04-08', 7500, 'Cash'),
('PAY083', 'U0028', 'O0083', '2022-08-27', 2500, 'Credit Card'),
('PAY084', 'U0013', 'O0084', '2022-07-24', 400, 'Debit Card'),
('PAY085', 'U0019', 'O0085', '2023-05-27', 600, 'Net Banking'),
('PAY086', 'U0023', 'O0086', '2023-09-05', 800, 'Cash'),
('PAY087', 'U0010', 'O0087', '2022-04-23', 25000, 'Credit Card'),
('PAY088', 'U0022', 'O0088', '2023-01-30', 3000, 'Debit Card'),
('PAY089', 'U0027', 'O0089', '2022-10-30', 3000, 'Net Banking'),
('PAY090', 'U0018', 'O0090', '2023-03-06', 5500, 'Cash'),
('PAY091', 'U0025', 'O0091', '2022-04-28', 15000, 'Debit Card'),
('PAY092', 'U0006', 'O0092', '2023-11-28', 500, 'Credit Card'),
('PAY093', 'U0012', 'O0093', '2022-11-18', 150, 'Net Banking'),
('PAY094', 'U0018', 'O0094', '2023-01-06', 1200, 'Credit Card'),
('PAY095', 'U0017', 'O0095', '2022-02-09', 200, 'Net Banking'),
('PAY096', 'U0017', 'O0096', '2022-10-04', 240, 'Cash'),
('PAY097', 'U0030', 'O0097', '2023-07-02', 180, 'Net Banking'),
('PAY098', 'U0016', 'O0098', '2023-10-15', 300, 'Cash'),
('PAY099', 'U0016', 'O0099', '2022-04-30', 7000, 'Debit Card'),
('PAY100', 'U0017', 'O0100', '2023-06-03', 7500, 'Debit Card'),
('PAY101', 'U0002', 'O0101', '2022-04-11', 18000, 'Credit Card'),
('PAY102', 'U0026', 'O0102', '2022-05-12', 3000, 'Debit Card'),
('PAY103', 'U0022', 'O0103', '2022-07-10', 400, 'Net Banking'),
('PAY104', 'U0014', 'O0104', '2022-05-29', 2400, 'Cash'),
('PAY105', 'U0016', 'O0105', '2022-09-11', 350, 'Credit Card'),
('PAY106', 'U0005', 'O0106', '2022-02-01', 6000, 'Debit Card'),
('PAY107', 'U0005', 'O0107', '2022-03-20', 7200, 'Net Banking'),
('PAY108', 'U0025', 'O0108', '2022-02-26', 600, 'Cash'),
('PAY109', 'U0005', 'O0109', '2023-05-15', 150, 'Credit Card'),
('PAY110', 'U0030', 'O0110', '2023-04-14', 2250, 'Debit Card'),
('PAY111', 'U0019', 'O0111', '2023-05-25', 150, 'Credit Card'),
('PAY112', 'U0004', 'O0112', '2022-08-15', 450, 'Debit Card'),
('PAY113', 'U0003', 'O0113', '2022-05-03', 30000, 'Net Banking'),
('PAY114', 'U0004', 'O0114', '2022-11-07', 40000, 'Cash'),
('PAY115', 'U0006', 'O0115', '2023-11-19', 400, 'Credit Card'),
('PAY116', 'U0021', 'O0116', '2023-10-14', 300, 'Debit Card'),
('PAY117', 'U0007', 'O0117', '2023-07-23', 1500, 'Net Banking'),
('PAY118', 'U0026', 'O0118', '2022-05-07', 30000, 'Cash'),
('PAY119', 'U0014', 'O0119', '2023-01-02', 10000, 'Credit Card'),
('PAY120', 'U0005', 'O0120', '2022-05-07', 24000, 'Debit Card'),
('PAY121', 'U0001', 'O0121', '2023-04-11', 1000, 'Credit Card'),
('PAY122', 'U0027', 'O0122', '2023-06-09', 12000, 'Debit Card'),
('PAY123', 'U0024', 'O0123', '2022-02-17', 36000, 'Net Banking'),
('PAY124', 'U0009', 'O0124', '2023-06-03', 1050, 'Cash'),
('PAY125', 'U0020', 'O0125', '2022-02-14', 60000, 'Credit Card'),
('PAY126', 'U0001', 'O0126', '2022-05-02', 900, 'Debit Card'),
('PAY127', 'U0016', 'O0127', '2023-02-27', 35000, 'Net Banking'),
('PAY128', 'U0023', 'O0128', '2022-10-17', 8000, 'Cash'),
('PAY129', 'U0015', 'O0129', '2022-10-17', 1750, 'Credit Card'),
('PAY130', 'U0011', 'O0130', '2022-07-21', 2000, 'Debit Card'),
('PAY131', 'U0027', 'O0131', '2023-09-29', 4000, 'Net Banking'),
('PAY132', 'U0026', 'O0132', '2022-11-08', 1600, 'Cash'),
('PAY133', 'U0015', 'O0133', '2022-05-02', 1500, 'Credit Card'),
('PAY134', 'U0013', 'O0134', '2023-02-12', 500, 'Debit Card'),
('PAY135', 'U0018', 'O0135', '2022-12-31', 250, 'Net Banking'),
('PAY136', 'U0023', 'O0136', '2023-07-23', 2000, 'Cash'),
('PAY137', 'U0010', 'O0137', '2023-09-15', 15000, 'Credit Card'),
('PAY138', 'U0009', 'O0138', '2022-11-28', 4000, 'Debit Card'),
('PAY139', 'U0014', 'O0139', '2022-04-23', 3200, 'Net Banking'),
('PAY140', 'U0020', 'O0140', '2023-03-15', 150, 'Cash'),
('PAY141', 'U0019', 'O0141', '2023-09-11', 3880, 'Debit Card'),
('PAY142', 'U0020', 'O0142', '2022-09-28', 1200, 'Credit Card'),
('PAY143', 'U0001', 'O0143', '2022-11-08', 600, 'Net Banking'),
('PAY144', 'U0019', 'O0144', '2023-07-24', 1500, 'Credit Card'),
('PAY145', 'U0017', 'O0145', '2022-11-11', 1500, 'Net Banking'),
('PAY146', 'U0030', 'O0146', '2022-03-23', 1323, 'Cash'),
('PAY147', 'U0003', 'O0147', '2023-02-21', 4000, 'Net Banking'),
('PAY148', 'U0014', 'O0148', '2022-12-29', 800, 'Cash'),
('PAY149', 'U0022', 'O0149', '2022-04-01', 6000, 'Debit Card'),
('PAY150', 'U0026', 'O0150', '2023-06-10', 14000, 'Debit Card'),
('PAY151', 'U0028', 'O0151', '2023-07-12', 100, 'Credit Card'),
('PAY152', 'U0010', 'O0152', '2022-07-06', 380, 'Debit Card'),
('PAY153', 'U0022', 'O0153', '2022-01-29', 1600, 'Net Banking'),
('PAY154', 'U0017', 'O0154', '2023-12-01', 1000, 'Cash'),
('PAY155', 'U0018', 'O0155', '2023-06-25', 300, 'Credit Card'),
('PAY156', 'U0001', 'O0156', '2023-07-06', 4800, 'Debit Card'),
('PAY157', 'U0014', 'O0157', '2023-10-29', 1200, 'Net Banking'),
('PAY158', 'U0019', 'O0158', '2022-05-12', 5000, 'Cash'),
('PAY159', 'U0027', 'O0159', '2022-04-07', 10000, 'Credit Card'),
('PAY160', 'U0013', 'O0160', '2022-12-28', 2400, 'Debit Card'),
('PAY161', 'U0004', 'O0161', '2022-07-17', 2400, 'Credit Card'),
('PAY162', 'U0009', 'O0162', '2022-08-07', 400, 'Debit Card'),
('PAY163', 'U0013', 'O0163', '2022-03-21', 1500, 'Net Banking'),
('PAY164', 'U0022', 'O0164', '2022-06-21', 2500, 'Cash'),
('PAY165', 'U0025', 'O0165', '2023-11-27', 400, 'Credit Card'),
('PAY166', 'U0003', 'O0166', '2022-11-30', 750, 'Debit Card'),
('PAY167', 'U0007', 'O0167', '2022-05-07', 1600, 'Net Banking'),
('PAY168', 'U0015', 'O0168', '2022-02-28', 1200, 'Cash'),
('PAY169', 'U0004', 'O0169', '2023-09-07', 3750, 'Credit Card'),
('PAY170', 'U0017', 'O0170', '2023-07-16', 14000, 'Debit Card'),
('PAY171', 'U0009', 'O0171', '2022-09-30', 200, 'Credit Card'),
('PAY172', 'U0012', 'O0172', '2023-09-08', 2100, 'Debit Card'),
('PAY173', 'U0023', 'O0173', '2023-03-09', 2400, 'Net Banking'),
('PAY174', 'U0015', 'O0174', '2022-08-13', 1200, 'Cash'),
('PAY175', 'U0020', 'O0175', '2022-02-16', 3000, 'Credit Card'),
('PAY176', 'U0014', 'O0176', '2022-12-11', 3000, 'Debit Card'),
('PAY177', 'U0001', 'O0177', '2023-01-14', 3000, 'Net Banking'),
('PAY178', 'U0013', 'O0178', '2023-06-03', 10500, 'Cash'),
('PAY179', 'U0029', 'O0179', '2023-09-07', 7000, 'Credit Card'),
('PAY180', 'U0028', 'O0180', '2023-10-02', 300, 'Debit Card'),
('PAY181', 'U0014', 'O0181', '2022-01-03', 4800, 'Net Banking'),
('PAY182', 'U0028', 'O0182', '2023-10-28', 700, 'Cash'),
('PAY183', 'U0003', 'O0183', '2022-07-15', 3600, 'Credit Card'),
('PAY184', 'U0027', 'O0184', '2022-01-02', 7000, 'Debit Card'),
('PAY185', 'U0022', 'O0185', '2023-09-10', 14000, 'Net Banking'),
('PAY186', 'U0006', 'O0186', '2022-01-23', 2400, 'Cash'),
('PAY187', 'U0030', 'O0187', '2023-04-27', 1500, 'Credit Card'),
('PAY188', 'U0020', 'O0188', '2023-06-05', 1000, 'Debit Card'),
('PAY189', 'U0020', 'O0189', '2023-06-12', 700, 'Net Banking'),
('PAY190', 'U0020', 'O0190', '2022-04-14', 2400, 'Cash'),
('PAY191', 'U0016', 'O0191', '2023-07-31', 3600, 'Debit Card'),
('PAY192', 'U0009', 'O0192', '2022-08-12', 20000, 'Credit Card'),
('PAY193', 'U0024', 'O0193', '2023-10-28', 750, 'Net Banking'),
('PAY194', 'U0020', 'O0194', '2022-03-03', 5600, 'Credit Card'),
('PAY195', 'U0025', 'O0195', '2022-01-14', 500, 'Net Banking'),
('PAY196', 'U0021', 'O0196', '2023-11-09', 1600, 'Cash'),
('PAY197', 'U0005', 'O0197', '2023-08-16', 1200, 'Net Banking'),
('PAY198', 'U0021', 'O0198', '2022-11-01', 7000, 'Cash'),
('PAY199', 'U0017', 'O0199', '2023-01-21', 4800, 'Debit Card'),
('PAY200', 'U0020', 'O0200', '2023-01-08', 1500, 'Debit Card'),
('PAY201', 'U0006', 'O0201', '2022-09-15', 1000, 'Credit Card'),
('PAY202', 'U0028', 'O0202', '2022-08-03', 6000, 'Debit Card'),
('PAY203', 'U0007', 'O0203', '2022-08-23', 14000, 'Net Banking'),
('PAY204', 'U0025', 'O0204', '2023-09-06', 800, 'Cash'),
('PAY205', 'U0022', 'O0205', '2023-11-30', 600, 'Credit Card'),
('PAY206', 'U0004', 'O0206', '2022-09-07', 5600, 'Debit Card'),
('PAY207', 'U0029', 'O0207', '2023-06-19', 900, 'Net Banking'),
('PAY208', 'U0007', 'O0208', '2023-08-03', 3500, 'Cash'),
('PAY209', 'U0026', 'O0209', '2022-06-12', 10500, 'Credit Card'),
('PAY210', 'U0014', 'O0210', '2022-06-19', 30000, 'Debit Card'),
('PAY211', 'U0015', 'O0211', '2023-06-01', 750, 'Credit Card'),
('PAY212', 'U0020', 'O0212', '2022-03-10', 3000, 'Debit Card'),
('PAY213', 'U0025', 'O0213', '2023-05-31', 9000, 'Net Banking'),
('PAY214', 'U0019', 'O0214', '2022-04-01', 6000, 'Cash'),
('PAY215', 'U0009', 'O0215', '2022-11-26', 15000, 'Credit Card'),
('PAY216', 'U0019', 'O0216', '2023-07-01', 1500, 'Debit Card'),
('PAY217', 'U0010', 'O0217', '2022-07-09', 8000, 'Net Banking'),
('PAY218', 'U0018', 'O0218', '2023-08-05', 5600, 'Cash'),
('PAY219', 'U0022', 'O0219', '2022-01-07', 60000, 'Credit Card'),
('PAY220', 'U0029', 'O0220', '2022-07-12', 150, 'Debit Card'),
('PAY221', 'U0010', 'O0221', '2023-06-30', 2700, 'Credit Card'),
('PAY222', 'U0008', 'O0222', '2022-03-11', 600, 'Debit Card'),
('PAY223', 'U0014', 'O0223', '2023-10-08', 900, 'Net Banking'),
('PAY224', 'U0014', 'O0224', '2022-06-11', 9000, 'Cash'),
('PAY225', 'U0012', 'O0225', '2023-09-15', 7000, 'Credit Card'),
('PAY226', 'U0030', 'O0226', '2022-06-29', 15000, 'Debit Card'),
('PAY227', 'U0023', 'O0227', '2022-03-25', 300, 'Net Banking'),
('PAY228', 'U0014', 'O0228', '2023-11-07', 2800, 'Cash'),
('PAY229', 'U0019', 'O0229', '2022-12-23', 8000, 'Credit Card'),
('PAY230', 'U0026', 'O0230', '2023-05-23', 300, 'Debit Card'),
('PAY231', 'U0019', 'O0231', '2022-08-05', 80, 'Net Banking'),
('PAY232', 'U0024', 'O0232', '2022-01-28', 60, 'Cash'),
('PAY233', 'U0004', 'O0233', '2022-03-04', 300, 'Credit Card'),
('PAY234', 'U0019', 'O0234', '2022-08-10', 2400, 'Debit Card'),
('PAY235', 'U0028', 'O0235', '2022-04-15', 14000, 'Net Banking'),
('PAY236', 'U0021', 'O0236', '2022-04-17', 3000, 'Cash'),
('PAY237', 'U0029', 'O0237', '2023-03-13', 10000, 'Credit Card'),
('PAY238', 'U0013', 'O0238', '2022-03-04', 240, 'Debit Card'),
('PAY239', 'U0002', 'O0239', '2023-06-17', 600, 'Net Banking'),
('PAY240', 'U0026', 'O0240', '2022-07-15', 800, 'Cash'),
('PAY241', 'U0006', 'O0241', '2022-10-27', 800, 'Debit Card'),
('PAY242', 'U0010', 'O0242', '2022-09-18', 800, 'Credit Card'),
('PAY243', 'U0026', 'O0243', '2023-10-20', 1200, 'Net Banking'),
('PAY244', 'U0008', 'O0244', '2022-01-31', 100, 'Credit Card'),
('PAY245', 'U0005', 'O0245', '2022-07-10', 2000, 'Net Banking'),
('PAY246', 'U0029', 'O0246', '2022-04-08', 9000, 'Cash'),
('PAY247', 'U0030', 'O0247', '2023-11-27', 32000, 'Net Banking'),
('PAY248', 'U0009', 'O0248', '2023-03-04', 1400, 'Cash'),
('PAY249', 'U0020', 'O0249', '2022-12-03', 50, 'Debit Card'),
('PAY250', 'U0006', 'O0250', '2022-06-17', 200, 'Debit Card'),
('PAY251', 'U0018', 'O0251', '2023-10-07', 14000, 'Credit Card'),
('PAY252', 'U0009', 'O0252', '2022-02-02', 350, 'Debit Card'),
('PAY253', 'U0021', 'O0253', '2022-06-25', 900, 'Net Banking'),
('PAY254', 'U0014', 'O0254', '2022-03-27', 300, 'Cash'),
('PAY255', 'U0026', 'O0255', '2022-07-14', 600, 'Credit Card'),
('PAY256', 'U0016', 'O0256', '2023-09-28', 20000, 'Debit Card'),
('PAY257', 'U0029', 'O0257', '2022-11-26', 20000, 'Net Banking'),
('PAY258', 'U0021', 'O0258', '2023-03-05', 600, 'Cash'),
('PAY259', 'U0023', 'O0259', '2023-10-08', 1500, 'Credit Card'),
('PAY260', 'U0005', 'O0260', '2022-03-15', 1200, 'Debit Card'),
('PAY261', 'U0002', 'O0261', '2022-02-19', 900, 'Credit Card'),
('PAY262', 'U0009', 'O0262', '2023-11-05', 105000, 'Debit Card'),
('PAY263', 'U0009', 'O0263', '2023-02-03', 10000, 'Net Banking'),
('PAY264', 'U0003', 'O0264', '2022-10-09', 32000, 'Cash'),
('PAY265', 'U0028', 'O0265', '2022-01-23', 3500, 'Credit Card'),
('PAY266', 'U0002', 'O0266', '2023-09-13', 1250, 'Debit Card'),
('PAY267', 'U0027', 'O0267', '2023-10-03', 63000, 'Net Banking'),
('PAY268', 'U0008', 'O0268', '2023-07-09', 40000, 'Cash'),
('PAY269', 'U0022', 'O0269', '2023-10-31', 35000, 'Credit Card'),
('PAY270', 'U0004', 'O0270', '2023-01-14', 750, 'Debit Card'),
('PAY271', 'U0012', 'O0271', '2022-12-14', 1000, 'Credit Card'),
('PAY272', 'U0007', 'O0272', '2023-08-23', 10000, 'Debit Card'),
('PAY273', 'U0019', 'O0273', '2022-01-04', 49000, 'Net Banking'),
('PAY274', 'U0029', 'O0274', '2022-04-15', 2000, 'Cash'),
('PAY275', 'U0006', 'O0275', '2022-06-03', 600, 'Credit Card'),
('PAY276', 'U0013', 'O0276', '2022-01-10', 200, 'Debit Card'),
('PAY277', 'U0001', 'O0277', '2022-12-18', 750, 'Net Banking'),
('PAY278', 'U0029', 'O0278', '2023-09-02', 600, 'Cash'),
('PAY279', 'U0028', 'O0279', '2023-02-15', 6000, 'Credit Card'),
('PAY280', 'U0020', 'O0280', '2023-09-23', 9000, 'Debit Card'),
('PAY281', 'U0018', 'O0281', '2022-07-15', 1400, 'Net Banking'),
('PAY282', 'U0013', 'O0282', '2022-07-22', 3500, 'Cash'),
('PAY283', 'U0022', 'O0283', '2023-08-10', 600, 'Credit Card'),
('PAY284', 'U0024', 'O0284', '2022-09-12', 400, 'Debit Card'),
('PAY285', 'U0005', 'O0285', '2022-10-20', 200, 'Net Banking');

INSERT INTO "public"."categories" ("category_id", "category_name") VALUES
('C0001', 'Electronics'),
('C0002', 'Clothing'),
('C0003', 'Home Decor'),
('C0004', 'Beauty Products'),
('C0005', 'Toys and Games'),
('C0006', 'Sports Equipments'),
('C0007', 'Books and Stationery'),
('C0008', 'Footwear'),
('C0009', 'Furntiure'),
('C0010', 'Food and Beverages');

INSERT INTO "public"."reviews" ("review_id", "product_id", "user_id", "rating") VALUES
('R0001', 'P0001', 'U0005', 5),
('R0002', 'P0002', 'U0027', 3),
('R0003', 'P0022', 'U0001', 5),
('R0004', 'P0003', 'U0021', 3),
('R0005', 'P0047', 'U0003', 4),
('R0006', 'P0004', 'U0019', 4),
('R0007', 'P0005', 'U0026', 5),
('R0008', 'P0145', 'U0003', 3),
('R0009', 'P0090', 'U0028', 4),
('R0010', 'P0095', 'U0003', 4),
('R0011', 'P0016', 'U0028', 3),
('R0012', 'P0006', 'U0013', 4),
('R0013', 'P0053', 'U0023', 5),
('R0014', 'P0074', 'U0029', 3),
('R0015', 'P0007', 'U0017', 5),
('R0016', 'P0008', 'U0023', 3),
('R0017', 'P0018', 'U0019', 4),
('R0018', 'P0009', 'U0022', 4),
('R0019', 'P0067', 'U0027', 4),
('R0020', 'P0069', 'U0002', 4),
('R0021', 'P0010', 'U0029', 3),
('R0022', 'P0011', 'U0027', 5),
('R0023', 'P0057', 'U0013', 5),
('R0024', 'P0022', 'U0021', 3),
('R0025', 'P0012', 'U0002', 5),
('R0026', 'P0013', 'U0022', 4),
('R0027', 'P0014', 'U0023', 3),
('R0028', 'P0036', 'U0017', 4),
('R0029', 'P0027', 'U0019', 4),
('R0030', 'P0015', 'U0019', 3),
('R0031', 'P0066', 'U0020', 3),
('R0032', 'P0029', 'U0023', 3),
('R0033', 'P0017', 'U0022', 4),
('R0034', 'P0019', 'U0021', 3),
('R0035', 'P0030', 'U0007', 3),
('R0036', 'P0055', 'U0004', 5),
('R0037', 'P0073', 'U0027', 5),
('R0038', 'P0020', 'U0013', 3),
('R0039', 'P0021', 'U0016', 5),
('R0040', 'P0023', 'U0020', 3),
('R0041', 'P0024', 'U0024', 4),
('R0042', 'P0025', 'U0013', 5),
('R0043', 'P0026', 'U0020', 4),
('R0044', 'P0028', 'U0027', 3),
('R0045', 'P0031', 'U0028', 3),
('R0046', 'P0032', 'U0020', 4),
('R0047', 'P0033', 'U0004', 4),
('R0048', 'P0051', 'U0030', 4),
('R0049', 'P0034', 'U0002', 4),
('R0050', 'P0035', 'U0013', 4),
('R0051', 'P0037', 'U0008', 5),
('R0052', 'P0056', 'U0012', 5),
('R0053', 'P0038', 'U0021', 4),
('R0054', 'P0039', 'U0022', 3),
('R0055', 'P0052', 'U0007', 4),
('R0056', 'P0040', 'U0028', 5),
('R0057', 'P0041', 'U0028', 5),
('R0058', 'P0042', 'U0006', 3),
('R0059', 'P0043', 'U0011', 5),
('R0060', 'P0044', 'U0011', 5),
('R0061', 'P0054', 'U0019', 3),
('R0062', 'P0045', 'U0008', 3),
('R0063', 'P0061', 'U0021', 4),
('R0064', 'P0046', 'U0013', 5),
('R0065', 'P0048', 'U0020', 5),
('R0066', 'P0049', 'U0007', 4),
('R0067', 'P0050', 'U0001', 4),
('R0068', 'P0058', 'U0004', 4),
('R0069', 'P0108', 'U0005', 4),
('R0070', 'P0072', 'U0008', 4),
('R0071', 'P0059', 'U0010', 3),
('R0072', 'P0060', 'U0021', 4),
('R0073', 'P0093', 'U0028', 3),
('R0074', 'P0062', 'U0019', 5),
('R0075', 'P0063', 'U0018', 3),
('R0076', 'P0064', 'U0017', 5),
('R0077', 'P0084', 'U0007', 5),
('R0078', 'P0065', 'U0019', 4),
('R0079', 'P0068', 'U0015', 3),
('R0080', 'P0085', 'U0003', 4),
('R0081', 'P0070', 'U0005', 4),
('R0082', 'P0071', 'U0008', 4),
('R0083', 'P0073', 'U0028', 4),
('R0084', 'P0098', 'U0013', 5),
('R0085', 'P0075', 'U0019', 5),
('R0086', 'P0076', 'U0023', 4),
('R0087', 'P0094', 'U0010', 3),
('R0088', 'P0077', 'U0022', 3),
('R0089', 'P0078', 'U0027', 4),
('R0090', 'P0079', 'U0018', 3),
('R0091', 'P0080', 'U0025', 5),
('R0092', 'P0081', 'U0006', 4),
('R0093', 'P0082', 'U0012', 3),
('R0094', 'P0083', 'U0018', 5),
('R0095', 'P0086', 'U0017', 5),
('R0096', 'P0087', 'U0017', 4),
('R0097', 'P0088', 'U0030', 5),
('R0098', 'P0089', 'U0016', 5),
('R0099', 'P0091', 'U0016', 5),
('R0100', 'P0092', 'U0017', 3),
('R0101', 'P0096', 'U0002', 3),
('R0102', 'P0097', 'U0026', 4),
('R0103', 'P0099', 'U0022', 5),
('R0104', 'P0100', 'U0014', 5),
('R0105', 'P0101', 'U0016', 3),
('R0106', 'P0102', 'U0005', 3),
('R0107', 'P0103', 'U0005', 4),
('R0108', 'P0104', 'U0025', 5),
('R0109', 'P0105', 'U0005', 5),
('R0110', 'P0106', 'U0030', 3),
('R0111', 'P0107', 'U0019', 5),
('R0112', 'P0109', 'U0004', 4),
('R0113', 'P0111', 'U0003', 5),
('R0114', 'P0112', 'U0004', 3),
('R0115', 'P0113', 'U0006', 4),
('R0116', 'P0114', 'U0021', 5),
('R0117', 'P0115', 'U0007', 3),
('R0118', 'P0116', 'U0026', 4),
('R0119', 'P0117', 'U0014', 3),
('R0120', 'P0118', 'U0005', 4),
('R0121', 'P0119', 'U0001', 5),
('R0122', 'P0120', 'U0027', 3),
('R0123', 'P0121', 'U0024', 5),
('R0124', 'P0122', 'U0009', 3),
('R0125', 'P0123', 'U0020', 4),
('R0126', 'P0124', 'U0001', 4),
('R0127', 'P0125', 'U0016', 5),
('R0128', 'P0126', 'U0023', 4),
('R0129', 'P0127', 'U0015', 3),
('R0130', 'P0128', 'U0011', 3),
('R0131', 'P0129', 'U0027', 4),
('R0132', 'P0130', 'U0026', 3),
('R0133', 'P0131', 'U0015', 5),
('R0134', 'P0132', 'U0013', 3),
('R0135', 'P0133', 'U0018', 4),
('R0136', 'P0134', 'U0023', 4),
('R0137', 'P0135', 'U0010', 3),
('R0138', 'P0152', 'U0009', 4),
('R0139', 'P0136', 'U0014', 3),
('R0140', 'P0137', 'U0020', 4),
('R0141', 'P0138', 'U0019', 4),
('R0142', 'P0144', 'U0020', 4),
('R0143', 'P0139', 'U0001', 5),
('R0144', 'P0140', 'U0019', 4),
('R0145', 'P0141', 'U0017', 4),
('R0146', 'P0142', 'U0030', 5),
('R0147', 'P0143', 'U0003', 3),
('R0148', 'P0144', 'U0014', 3),
('R0149', 'P0145', 'U0022', 4),
('R0150', 'P0146', 'U0026', 3),
('R0151', 'P0147', 'U0028', 5),
('R0152', 'P0148', 'U0010', 4),
('R0153', 'P0149', 'U0022', 3),
('R0154', 'P0150', 'U0017', 3),
('R0155', 'P0151', 'U0018', 4),
('R0156', 'P0152', 'U0001', 3),
('R0157', 'P0154', 'U0014', 4),
('R0158', 'P0155', 'U0019', 4),
('R0159', 'P0002', 'U0027', 5),
('R0160', 'P0003', 'U0013', 3),
('R0161', 'P0004', 'U0004', 5),
('R0162', 'P0005', 'U0009', 5),
('R0163', 'P0035', 'U0013', 3),
('R0164', 'P0006', 'U0022', 4),
('R0165', 'P0010', 'U0025', 5),
('R0166', 'P0008', 'U0003', 3),
('R0167', 'P0009', 'U0007', 3),
('R0168', 'P0010', 'U0015', 4),
('R0169', 'P0011', 'U0004', 4),
('R0170', 'P0012', 'U0017', 4),
('R0171', 'P0013', 'U0009', 4),
('R0172', 'P0007', 'U0012', 4),
('R0173', 'P0014', 'U0023', 3),
('R0174', 'P0015', 'U0015', 3),
('R0175', 'P0016', 'U0020', 4),
('R0176', 'P0017', 'U0014', 3),
('R0177', 'P0018', 'U0001', 5),
('R0178', 'P0019', 'U0013', 4),
('R0179', 'P0020', 'U0029', 5),
('R0180', 'P0021', 'U0028', 3),
('R0181', 'P0023', 'U0014', 5),
('R0182', 'P0047', 'U0028', 5),
('R0183', 'P0024', 'U0003', 3),
('R0184', 'P0025', 'U0027', 4),
('R0185', 'P0026', 'U0022', 4),
('R0186', 'P0050', 'U0006', 5),
('R0187', 'P0049', 'U0030', 5),
('R0188', 'P0027', 'U0020', 4),
('R0189', 'P0028', 'U0020', 5),
('R0190', 'P0029', 'U0020', 4),
('R0191', 'P0030', 'U0016', 5),
('R0192', 'P0031', 'U0009', 3),
('R0193', 'P0033', 'U0024', 4),
('R0194', 'P0034', 'U0020', 4),
('R0195', 'P0036', 'U0025', 3),
('R0196', 'P0037', 'U0021', 4),
('R0197', 'P0038', 'U0005', 3),
('R0198', 'P0039', 'U0021', 5),
('R0199', 'P0040', 'U0017', 3),
('R0200', 'P0043', 'U0020', 4),
('R0201', 'P0044', 'U0006', 3),
('R0202', 'P0045', 'U0028', 5),
('R0203', 'P0046', 'U0007', 4),
('R0204', 'P0076', 'U0025', 3),
('R0205', 'P0048', 'U0022', 4),
('R0206', 'P0051', 'U0004', 4),
('R0207', 'P0052', 'U0029', 5),
('R0208', 'P0053', 'U0007', 5),
('R0209', 'P0054', 'U0026', 5),
('R0210', 'P0056', 'U0014', 3),
('R0211', 'P0058', 'U0015', 5),
('R0212', 'P0059', 'U0020', 3),
('R0213', 'P0060', 'U0025', 3),
('R0214', 'P0143', 'U0019', 4),
('R0215', 'P0061', 'U0009', 3),
('R0216', 'P0062', 'U0019', 4),
('R0217', 'P0064', 'U0010', 3),
('R0218', 'P0065', 'U0018', 5),
('R0219', 'P0067', 'U0022', 4),
('R0220', 'P0068', 'U0029', 4),
('R0221', 'P0070', 'U0010', 3),
('R0222', 'P0072', 'U0008', 4),
('R0223', 'P0075', 'U0014', 3),
('R0224', 'P0077', 'U0014', 5),
('R0225', 'P0078', 'U0012', 3),
('R0226', 'P0080', 'U0030', 3),
('R0227', 'P0082', 'U0023', 4),
('R0228', 'P0083', 'U0014', 4),
('R0229', 'P0084', 'U0019', 3),
('R0230', 'P0086', 'U0026', 3),
('R0231', 'P0087', 'U0019', 5),
('R0232', 'P0088', 'U0024', 5),
('R0233', 'P0089', 'U0004', 4),
('R0234', 'P0090', 'U0019', 4),
('R0235', 'P0091', 'U0028', 5),
('R0236', 'P0150', 'U0021', 5),
('R0237', 'P0092', 'U0029', 5),
('R0238', 'P0093', 'U0013', 5),
('R0239', 'P0097', 'U0002', 3),
('R0240', 'P0098', 'U0026', 4),
('R0241', 'P0099', 'U0006', 5),
('R0242', 'P0149', 'U0010', 3),
('R0243', 'P0100', 'U0026', 5),
('R0244', 'P0101', 'U0008', 4),
('R0245', 'P0102', 'U0005', 3),
('R0246', 'P0103', 'U0029', 3),
('R0247', 'P0126', 'U0030', 3),
('R0248', 'P0104', 'U0009', 5),
('R0249', 'P0105', 'U0020', 4),
('R0250', 'P0107', 'U0006', 4),
('R0251', 'P0108', 'U0018', 3),
('R0252', 'P0151', 'U0009', 5),
('R0253', 'P0109', 'U0021', 5),
('R0254', 'P0122', 'U0014', 3),
('R0255', 'P0110', 'U0026', 5),
('R0256', 'P0111', 'U0016', 5),
('R0257', 'P0112', 'U0029', 5),
('R0258', 'P0113', 'U0021', 4),
('R0259', 'P0141', 'U0023', 3),
('R0260', 'P0114', 'U0005', 4),
('R0261', 'P0115', 'U0002', 3),
('R0262', 'P0116', 'U0009', 4),
('R0263', 'P0117', 'U0009', 5),
('R0264', 'P0118', 'U0003', 5),
('R0265', 'P0140', 'U0028', 3),
('R0266', 'P0119', 'U0002', 4),
('R0267', 'P0121', 'U0027', 3),
('R0268', 'P0123', 'U0008', 5),
('R0269', 'P0125', 'U0022', 4),
('R0270', 'P0127', 'U0004', 3),
('R0271', 'P0128', 'U0012', 4),
('R0272', 'P0129', 'U0007', 4),
('R0273', 'P0146', 'U0019', 5),
('R0274', 'P0130', 'U0029', 4),
('R0275', 'P0131', 'U0006', 4),
('R0276', 'P0132', 'U0013', 4),
('R0277', 'P0133', 'U0001', 4),
('R0278', 'P0010', 'U0029', 4),
('R0279', 'P0134', 'U0028', 4),
('R0280', 'P0135', 'U0020', 4),
('R0281', 'P0154', 'U0018', 5),
('R0282', 'P0153', 'U0013', 3),
('R0283', 'P0137', 'U0022', 5),
('R0284', 'P0139', 'U0024', 3),
('R0285', 'P0147', 'U0005', 4);

INSERT INTO "public"."users" ("user_id", "user_name", "email", "mobile_no", "billing_address") VALUES
('U0001', 'RUBY', 'RUBY@gmail.com', '8550996198', 'A-23 Sector 62 Noida Uttar Pradesh'),
('U0002', 'EMILY', 'EMILY@gmail.com', '9649213155', '345 4th Cross 8th Main BTM Layout Bangalore Karnataka'),
('U0003', 'GRACE', 'GRACE@gmail.com', '2678757162', 'B-42 Shastri Nagar Jaipur Rajasthan'),
('U0004', 'JESSICA', 'JESSICA@gmail.com', '6556021866', '12/7 Park Street Kolkata West Bengal'),
('U0005', 'CHLOE', 'CHLOE@gmail.com', '7581128719', 'H-123 Model Town Ludhiana Punjab'),
('U0006', 'SOPHIE', 'SOPHIE@gmail.com', '2133021144', 'B-23 Sector 61 Noida Uttar Pradesh'),
('U0007', 'MONICA', 'MONICA@gmail.com', '9434403649', '346 8th Cross 10th Main BTM Layout Bangalore Karnataka'),
('U0008', 'AMELIA', 'AMELIA@gmail.com', '2550773038', 'C-42 Shastri Nagar Jaipur Rajasthan'),
('U0009', 'EVIE', 'EVIE@gmail.com', '1674054792', '15/9 Park Street Kolkata West Bengal'),
('U0010', 'ELLA', 'ELLA@gmail.com', '7066806689', 'K-29 Sector 45 Delhi Delhi'),
('U0011', 'MIA', 'MIA@gmail.com', '5250911182', '23/1 MG RoadPunePune'),
('U0012', 'AVA', 'AVA@gmail.com', '8018835586', 'F-67 DLF Phase 1GurgaonGurgaon'),
('U0013', 'OLIVIA', 'OLIVIA@gmail.com', '2673019072', 'G-12 Rajiv ChowkBhopalBhopal'),
('U0014', 'HANNAH', 'HANNAH@gmail.com', '9986502201', '10A/5 Nehru NagarGhaziabadGhaziabad'),
('U0015', 'ISABELLA', 'ISABELLA@gmail.com', '2566610554', '56/3 MG RoadHyderabadTelangana'),
('U0016', 'AMANDA', 'AMANDA@gmail.com', '6152014447', 'L-89 Greater KailashDelhiDelhi'),
('U0017', 'VICTORIA', 'VICTORIA@gmail.com', '4083699199', '24/7 Park RoadChennaiTamilNadu'),
('U0018', 'ABIGAIL', 'ABIGAIL@gmail.com', '6729291121', 'D-78 Nirman NagarJaipurRajasthan'),
('U0019', 'LAURA', 'LAURA@gmail.com', '1223435889', '22B Sector 10NoidaUttarPradesh'),
('U0020', 'MARY', 'MARY@gmail.com', '5798890888', '38/2 GP Road Delhi Delhi'),
('U0021', 'MADISON', 'MADISON@gmail.com', '5798890784', '51 VIP RoadKolkataWestBengal'),
('U0022', 'JACK', 'JACK@gmail.com', '5789234512', '12A Park StreetMumbaiMaharashtra'),
('U0023', 'JULIA', 'JULIA@yahoo.com', '6578912345', '45B New ColonyDelhiDelhi'),
('U0024', 'ROBERT', 'ROBERT@yahoo.com', '7689023456', '67C MG RoadBangaloreKarnataka'),
('U0025', 'ROSS', 'ROSS@gmail.com', '9876543210', '89D XYZ StreetPuneMaharashtra'),
('U0026', 'OLIVER', 'OLIVER@yahoo.com', '8901233567', '78E XYZ StreetChennaiTamil Nadu'),
('U0027', 'EMMA', 'EMMA@yahoo.com', '6789012345', '56F Park StreetHyderabadTelangana'),
('U0028', 'ETHAN', 'ETHAN@gmail.com', '7890123556', '34G New ColonyAhmedabadGujarat'),
('U0029', 'AVAN', 'AVAN@yahoo.com', '8901234767', '23H XYZ RoadJaipurRajasthan'),
('U0030', 'MASON', 'MASON@yahoo.com', '9012345677', '12I New ColonyChandigarhPunjab'),
('U0031', 'OLI', 'OLI@yahoo.com', '3456789012', '56B Main RoadMumbaiMaharashtra'),
('U0032', 'WILLIAM', 'WILLIAM@gmail.com', '4567890125', '78C Park StreetBangaloreKarnataka'),
('U0033', 'ANANDA', 'ANANDA@yahoo.com', '5678901234', '45D New ColonyChennaiTamil Nadu'),
('U0034', 'NOAH', 'NOAH@yahoo.com', '6789011345', '67E XYZ StreetPuneMaharashtra'),
('U0035', 'SOPHIA', 'SOPHIA@gmail.com', '7890123456', '89F Park RoadHyderabadTelangana'),
('U0036', 'CHANDLER', 'CHANDLER@yahoo.com', '8901234467', '56G New ColonyAhmedabadGujarat'),
('U0037', 'ELIZABETH', 'ELIZABETH@yahoo.com', '9012345678', '34H XYZ RoadJaipurRajasthan'),
('U0038', 'JAMES', 'JAMES@gmail.com', '1234567890', '12I Main RoadChandigarhPunjab'),
('U0039', 'CHARLOTTE', 'CHARLOTTE@gmail.com', '2345678901', '67J Park StreetMumbaiMaharashtra'),
('U0040', 'LUCAS', 'LUCAS@yahoo.com', '3456789013', '45K New ColonyBangaloreKarnataka'),
('U0041', 'AMBER', 'AMBER@gmail.com', '4567890123', '78L XYZ StreetChennaiTamil Nadu'),
('U0042', 'AIDEN', 'AIDEN@yahoo.com', '5678901235', '67M Park RoadPuneMaharashtra'),
('U0043', 'CASSY', 'CASSY@gmail.com', '6789012445', '89N Main RoadHyderabadTelangana'),
('U0044', 'OLIVE', 'OLIVE@yahoo.com', '7890123656', '56O New ColonyAhmedabadGujarat'),
('U0045', 'LILY', 'LILY@yahoo.com', '8901234576', '34P XYZ RoadJaipurRajasthan'),
('U0046', 'LINCOLN', 'LINCOLN@gmail.com', '9012345679', '12Q Park StreetChandigarhPunjab'),
('U0047', 'SAVANNAH', 'SAVANNAH@gmail.com', '1234567891', '67R New ColonyMumbaiMaharashtra'),
('U0048', 'PHOEBE', 'PHOEBE@yahoo.com', '2345678902', '45S Main RoadBangaloreKarnataka'),
('U0049', 'NATALIE', 'NATALIE@yahoo.com', '3456789011', '78T XYZ StreetChennaiTamil Nadu'),
('U0050', 'BENJAMIN', 'BENJAMIN@yahoo.com', '4567890124', '67U Park RoadPuneMaharashtra');

INSERT INTO "public"."address" ("user_id", "street_address", "city", "state", "pin_code", "country") VALUES
('U0001', 'A-23 Sector 62', 'Noida', 'Uttar Pradesh', 201309, 'India'),
('U0002', '345 4th Cross 8th Main BTM Layout', 'Bangalore', 'Karnataka', 560076, 'India'),
('U0003', 'B-42 Shastri Nagar', 'Jaipur', 'Rajasthan', 302016, 'India'),
('U0004', '12/7 Park Street', 'Kolkata', 'West Bengal', 700016, 'India'),
('U0005', 'H-123 Model Town', 'Ludhiana', 'Punjab', 141002, 'India'),
('U0006', 'B-23 Sector 61', 'Noida', 'Uttar Pradesh', 201307, 'India'),
('U0007', '346 8th Cross 10th Main BTM Layout', 'Bangalore', 'Karnataka', 560076, 'India'),
('U0008', 'C-42 Shastri Nagar', 'Jaipur', 'Rajasthan', 302016, 'India'),
('U0009', '15/9 Park Street', 'Kolkata', 'West Bengal', 700016, 'India'),
('U0010', 'K-29 Sector 45', 'Delhi', 'Delhi', 110048, 'India'),
('U0011', '23/1 MG Road', 'Pune', 'Maharashtra', 411001, 'India'),
('U0012', 'F-67 DLF Phase 1', 'Gurgaon', 'Haryana', 122002, 'India'),
('U0013', 'G-12 Rajiv Chowk', 'Bhopal', 'Madhya Pradesh', 462001, 'India'),
('U0014', '10A/5 Nehru Nagar', 'Ghaziabad', 'Uttar Pradesh', 201001, 'India'),
('U0015', '56/3 MG Road', 'Hyderabad', 'Telangana', 500003, 'India'),
('U0016', 'L-89 Greater Kailash', 'New Delhi', 'Delhi', 110048, 'India'),
('U0017', '24/7 Park Road', 'Chennai', 'Tamil Nadu', 600018, 'India'),
('U0018', 'D-78 Nirman Nagar', 'Jaipur', 'Rajasthan', 302019, 'India'),
('U0019', '22B Sector 10', 'Noida', 'Uttar Pradesh', 201301, 'India'),
('U0020', '38/2 GP Road', 'Delhi', 'Delhi', 700059, 'India'),
('U0021', '51 VIP Road', 'Kolkata', 'West Bengal', 110007, 'India'),
('U0022', '12A Park Street', 'Mumbai', 'Maharashtra', 700052, 'India'),
('U0023', '45B New Colony', 'Delhi', 'Delhi', 400001, 'India'),
('U0024', '67C MG Road', 'Bangalore', 'Karnataka', 110001, 'India'),
('U0025', '89D XYZ Street', 'Pune', 'Maharashtra', 560001, 'India'),
('U0026', '78E XYZ Street', 'Chennai', 'Tamil Nadu', 411001, 'India'),
('U0027', '56F Park Street', 'Hyderabad', 'Telangana', 600001, 'India'),
('U0028', '34G New Colony', 'Ahmedabad', 'Gujarat', 500003, 'India'),
('U0029', '23H XYZ Road', 'Jaipur', 'Rajasthan', 380009, 'India'),
('U0030', '12I New Colony', 'Chandigarh', 'Punjab', 302001, 'India'),
('U0031', '56B Main Road', 'Mumbai', 'Maharashtra', 160019, 'India'),
('U0032', '78C Park Street', 'Bangalore', 'Karnataka', 400001, 'India'),
('U0033', '45D New Colony', 'Chennai', 'Tamil Nadu', 560001, 'India'),
('U0034', '67E XYZ Street', 'Pune', 'Maharashtra', 600001, 'India'),
('U0035', '89F Park Road', 'Hyderabad', 'Telangana', 411001, 'India'),
('U0036', '56G New Colony', 'Ahmedabad', 'Gujarat', 500001, 'India'),
('U0037', '34H XYZ Road', 'Jaipur', 'Rajasthan', 380001, 'India'),
('U0038', '12I Main Road', 'Chandigarh', 'Punjab', 302001, 'India'),
('U0039', '67J Park Street', 'Mumbai', 'Maharashtra', 160001, 'India'),
('U0040', '45K New Colony', 'Bangalore', 'Karnataka', 400001, 'India'),
('U0041', '78L XYZ Street', 'Chennai', 'Tamil Nadu', 560001, 'India'),
('U0042', '67M Park Road', 'Pune', 'Maharashtra', 600001, 'India'),
('U0043', '89N Main Road', 'Hyderabad', 'Telangana', 411001, 'India'),
('U0044', '56O New Colony', 'Ahmedabad', 'Gujarat', 500001, 'India'),
('U0045', '34P XYZ Road', 'Jaipur', 'Rajasthan', 380001, 'India'),
('U0046', '12Q Park Street', 'Chandigarh', 'Punjab', 302001, 'India'),
('U0047', '67R New Colony', 'Mumbai', 'Maharashtra', 160001, 'India'),
('U0048', '45S Main Road', 'Bangalore', 'Karnataka', 400001, 'India'),
('U0049', '78T XYZ Street', 'Chennai', 'Tamil Nadu', 560001, 'India'),
('U0050', '67U Park Road', 'Pune', 'Maharashtra', 600001, 'India');

INSERT INTO "public"."orders" ("order_id", "product_id", "user_id", "quantity", "date_ordered") VALUES
('O0001', 'P0001', 'U0005', 1, '2022-01-06'),
('O0002', 'P0002', 'U0027', 2, '2022-01-16'),
('O0003', 'P0022', 'U0001', 4, '2022-02-02'),
('O0004', 'P0003', 'U0021', 4, '2022-02-10'),
('O0005', 'P0047', 'U0003', 7, '2022-02-12'),
('O0006', 'P0004', 'U0019', 4, '2022-02-18'),
('O0007', 'P0005', 'U0026', 4, '2022-03-01'),
('O0008', 'P0145', 'U0003', 3, '2022-03-08'),
('O0009', 'P0090', 'U0028', 7, '2022-03-13'),
('O0010', 'P0095', 'U0003', 2, '2022-03-14'),
('O0011', 'P0016', 'U0028', 2, '2022-03-22'),
('O0012', 'P0006', 'U0013', 1, '2022-03-23'),
('O0013', 'P0053', 'U0023', 7, '2022-03-25'),
('O0014', 'P0074', 'U0029', 6, '2023-05-31'),
('O0015', 'P0007', 'U0017', 1, '2023-06-01'),
('O0016', 'P0008', 'U0023', 4, '2022-06-04'),
('O0017', 'P0018', 'U0019', 3, '2022-06-05'),
('O0018', 'P0009', 'U0022', 3, '2022-06-06'),
('O0019', 'P0067', 'U0027', 1, '2022-01-06'),
('O0020', 'P0069', 'U0002', 1, '2022-01-16'),
('O0021', 'P0010', 'U0029', 7, '2022-02-02'),
('O0022', 'P0011', 'U0027', 5, '2022-02-10'),
('O0023', 'P0057', 'U0013', 7, '2022-02-12'),
('O0024', 'P0022', 'U0021', 6, '2022-02-18'),
('O0025', 'P0012', 'U0002', 2, '2022-03-01'),
('O0026', 'P0013', 'U0022', 2, '2022-03-08'),
('O0027', 'P0014', 'U0023', 4, '2022-03-13'),
('O0028', 'P0036', 'U0017', 5, '2022-03-14'),
('O0029', 'P0027', 'U0019', 1, '2022-03-22'),
('O0030', 'P0015', 'U0019', 5, '2022-03-23'),
('O0031', 'P0066', 'U0020', 7, '2022-03-25'),
('O0032', 'P0029', 'U0023', 5, '2022-03-31'),
('O0033', 'P0017', 'U0022', 6, '2022-04-02'),
('O0034', 'P0019', 'U0021', 3, '2022-04-04'),
('O0035', 'P0030', 'U0007', 6, '2022-04-06'),
('O0036', 'P0055', 'U0004', 5, '2022-04-09'),
('O0037', 'P0073', 'U0027', 5, '2022-04-13'),
('O0038', 'P0020', 'U0013', 2, '2022-04-15'),
('O0039', 'P0021', 'U0016', 3, '2022-04-18'),
('O0040', 'P0023', 'U0020', 3, '2022-04-23'),
('O0041', 'P0024', 'U0024', 2, '2022-04-25'),
('O0042', 'P0025', 'U0013', 2, '2022-04-28'),
('O0043', 'P0026', 'U0020', 6, '2022-04-30'),
('O0044', 'P0028', 'U0027', 5, '2022-05-05'),
('O0045', 'P0031', 'U0028', 2, '2022-05-06'),
('O0046', 'P0032', 'U0020', 1, '2022-05-08'),
('O0047', 'P0033', 'U0004', 7, '2022-05-11'),
('O0048', 'P0051', 'U0030', 4, '2022-05-14'),
('O0049', 'P0034', 'U0002', 7, '2022-05-15'),
('O0050', 'P0035', 'U0013', 4, '2022-05-21'),
('O0051', 'P0037', 'U0008', 2, '2022-05-25'),
('O0052', 'P0056', 'U0012', 3, '2022-05-26'),
('O0053', 'P0038', 'U0021', 3, '2022-06-01'),
('O0054', 'P0039', 'U0022', 1, '2022-06-04'),
('O0055', 'P0052', 'U0007', 3, '2022-06-05'),
('O0056', 'P0040', 'U0028', 3, '2022-06-06'),
('O0057', 'P0041', 'U0028', 7, '2022-06-08'),
('O0058', 'P0042', 'U0006', 7, '2022-06-13'),
('O0059', 'P0043', 'U0011', 4, '2022-06-18'),
('O0060', 'P0044', 'U0011', 6, '2022-06-19'),
('O0061', 'P0054', 'U0019', 3, '2022-06-22'),
('O0062', 'P0045', 'U0008', 6, '2022-06-25'),
('O0063', 'P0061', 'U0021', 7, '2022-06-26'),
('O0064', 'P0046', 'U0013', 6, '2022-06-30'),
('O0065', 'P0048', 'U0020', 3, '2022-07-01'),
('O0066', 'P0049', 'U0007', 7, '2022-07-02'),
('O0067', 'P0050', 'U0001', 1, '2022-07-03'),
('O0068', 'P0058', 'U0004', 5, '2022-07-05'),
('O0069', 'P0108', 'U0005', 2, '2022-07-07'),
('O0070', 'P0072', 'U0008', 2, '2022-07-11'),
('O0071', 'P0059', 'U0010', 5, '2022-07-12'),
('O0072', 'P0060', 'U0021', 6, '2022-07-17'),
('O0073', 'P0093', 'U0028', 6, '2022-07-19'),
('O0074', 'P0062', 'U0019', 5, '2022-07-21'),
('O0075', 'P0063', 'U0018', 2, '2022-07-22'),
('O0076', 'P0064', 'U0017', 7, '2022-07-24'),
('O0077', 'P0084', 'U0007', 6, '2022-07-26'),
('O0078', 'P0065', 'U0019', 7, '2022-07-27'),
('O0079', 'P0068', 'U0015', 7, '2022-07-30'),
('O0080', 'P0085', 'U0003', 2, '2022-08-01'),
('O0081', 'P0070', 'U0005', 6, '2022-08-06'),
('O0082', 'P0071', 'U0008', 3, '2022-08-08'),
('O0083', 'P0073', 'U0028', 5, '2022-08-10'),
('O0084', 'P0098', 'U0013', 2, '2022-08-13'),
('O0085', 'P0075', 'U0019', 2, '2022-08-14'),
('O0086', 'P0076', 'U0023', 2, '2022-08-15'),
('O0087', 'P0094', 'U0010', 1, '2022-08-16'),
('O0088', 'P0077', 'U0022', 1, '2022-08-18'),
('O0089', 'P0078', 'U0027', 3, '2022-08-22'),
('O0090', 'P0079', 'U0018', 5, '2022-08-26'),
('O0091', 'P0080', 'U0025', 1, '2022-08-01'),
('O0092', 'P0081', 'U0006', 5, '2023-11-28'),
('O0093', 'P0082', 'U0012', 3, '2022-11-18'),
('O0094', 'P0083', 'U0018', 3, '2023-01-06'),
('O0095', 'P0086', 'U0017', 2, '2022-02-09'),
('O0096', 'P0087', 'U0017', 3, '2022-10-04'),
('O0097', 'P0088', 'U0030', 6, '2023-07-02'),
('O0098', 'P0089', 'U0016', 6, '2023-10-15'),
('O0099', 'P0091', 'U0016', 2, '2022-04-30'),
('O0100', 'P0092', 'U0017', 3, '2023-06-03'),
('O0101', 'P0096', 'U0002', 1, '2022-04-11'),
('O0102', 'P0097', 'U0026', 5, '2022-05-12'),
('O0103', 'P0099', 'U0022', 2, '2022-07-10'),
('O0104', 'P0100', 'U0014', 2, '2022-05-29'),
('O0105', 'P0101', 'U0016', 7, '2022-09-11'),
('O0106', 'P0102', 'U0005', 6, '2022-02-01'),
('O0107', 'P0103', 'U0005', 4, '2022-03-20'),
('O0108', 'P0104', 'U0025', 3, '2022-02-26'),
('O0109', 'P0105', 'U0005', 3, '2023-05-15'),
('O0110', 'P0106', 'U0030', 3, '2023-04-14'),
('O0111', 'P0107', 'U0019', 3, '2023-05-25'),
('O0112', 'P0109', 'U0004', 3, '2022-08-15'),
('O0113', 'P0111', 'U0003', 3, '2022-05-03'),
('O0114', 'P0112', 'U0004', 2, '2022-11-07'),
('O0115', 'P0113', 'U0006', 4, '2023-11-19'),
('O0116', 'P0114', 'U0021', 1, '2023-10-14'),
('O0117', 'P0115', 'U0007', 5, '2023-07-23'),
('O0118', 'P0116', 'U0026', 2, '2022-05-07'),
('O0119', 'P0117', 'U0014', 1, '2023-01-02'),
('O0120', 'P0118', 'U0005', 3, '2022-05-07'),
('O0121', 'P0119', 'U0001', 4, '2023-04-11'),
('O0122', 'P0120', 'U0027', 1, '2023-06-09'),
('O0123', 'P0121', 'U0024', 4, '2022-02-17'),
('O0124', 'P0122', 'U0009', 7, '2023-06-03'),
('O0125', 'P0123', 'U0020', 3, '2022-02-14'),
('O0126', 'P0124', 'U0001', 6, '2022-05-02'),
('O0127', 'P0125', 'U0016', 1, '2023-02-27'),
('O0128', 'P0126', 'U0023', 1, '2022-10-17'),
('O0129', 'P0127', 'U0015', 7, '2022-10-17'),
('O0130', 'P0128', 'U0011', 2, '2022-07-21'),
('O0131', 'P0129', 'U0027', 2, '2023-09-29'),
('O0132', 'P0130', 'U0026', 4, '2022-11-08'),
('O0133', 'P0131', 'U0015', 5, '2022-05-02'),
('O0134', 'P0132', 'U0013', 5, '2023-02-12'),
('O0135', 'P0133', 'U0018', 1, '2022-12-31'),
('O0136', 'P0134', 'U0023', 2, '2023-07-23'),
('O0137', 'P0135', 'U0010', 5, '2023-09-15'),
('O0138', 'P0152', 'U0009', 5, '2022-11-28'),
('O0139', 'P0136', 'U0014', 4, '2022-04-23'),
('O0140', 'P0137', 'U0020', 1, '2023-03-15'),
('O0141', 'P0138', 'U0019', 4, '2023-09-11'),
('O0142', 'P0144', 'U0020', 3, '2022-09-28'),
('O0143', 'P0139', 'U0001', 3, '2022-11-08'),
('O0144', 'P0140', 'U0019', 3, '2023-07-24'),
('O0145', 'P0141', 'U0017', 1, '2022-11-11'),
('O0146', 'P0142', 'U0030', 7, '2022-03-23'),
('O0147', 'P0143', 'U0003', 4, '2023-02-21'),
('O0148', 'P0144', 'U0014', 2, '2022-12-29'),
('O0149', 'P0145', 'U0022', 2, '2022-04-01'),
('O0150', 'P0146', 'U0026', 2, '2023-06-10'),
('O0151', 'P0147', 'U0028', 2, '2023-07-12'),
('O0152', 'P0148', 'U0010', 4, '2022-07-06'),
('O0153', 'P0149', 'U0022', 4, '2022-01-29'),
('O0154', 'P0150', 'U0017', 1, '2023-12-01'),
('O0155', 'P0151', 'U0018', 6, '2023-06-25'),
('O0156', 'P0152', 'U0001', 6, '2023-07-06'),
('O0157', 'P0154', 'U0014', 6, '2023-10-29'),
('O0158', 'P0155', 'U0019', 5, '2022-05-12'),
('O0159', 'P0002', 'U0027', 2, '2022-04-07'),
('O0160', 'P0003', 'U0013', 3, '2022-12-28'),
('O0161', 'P0004', 'U0004', 2, '2022-07-17'),
('O0162', 'P0005', 'U0009', 5, '2022-08-07'),
('O0163', 'P0035', 'U0013', 1, '2022-03-21'),
('O0164', 'P0006', 'U0022', 1, '2022-06-21'),
('O0165', 'P0010', 'U0025', 2, '2023-11-27'),
('O0166', 'P0008', 'U0003', 3, '2022-11-30'),
('O0167', 'P0009', 'U0007', 2, '2022-05-07'),
('O0168', 'P0010', 'U0015', 6, '2022-02-28'),
('O0169', 'P0011', 'U0004', 5, '2023-09-07'),
('O0170', 'P0012', 'U0017', 2, '2023-07-16'),
('O0171', 'P0013', 'U0009', 1, '2022-09-30'),
('O0172', 'P0007', 'U0012', 7, '2023-09-08'),
('O0173', 'P0014', 'U0023', 3, '2023-03-09'),
('O0174', 'P0015', 'U0015', 1, '2022-08-13'),
('O0175', 'P0016', 'U0020', 6, '2022-02-16'),
('O0176', 'P0017', 'U0014', 6, '2022-12-11'),
('O0177', 'P0018', 'U0001', 2, '2023-01-14'),
('O0178', 'P0019', 'U0013', 7, '2023-06-03'),
('O0179', 'P0020', 'U0029', 2, '2023-09-07'),
('O0180', 'P0021', 'U0028', 1, '2023-10-02'),
('O0181', 'P0023', 'U0014', 4, '2022-01-03'),
('O0182', 'P0047', 'U0028', 7, '2023-10-28'),
('O0183', 'P0024', 'U0003', 6, '2022-07-15'),
('O0184', 'P0025', 'U0027', 7, '2022-01-02'),
('O0185', 'P0026', 'U0022', 7, '2023-09-10'),
('O0186', 'P0050', 'U0006', 6, '2022-01-23'),
('O0187', 'P0049', 'U0030', 3, '2023-04-27'),
('O0188', 'P0027', 'U0020', 2, '2023-06-05'),
('O0189', 'P0028', 'U0020', 1, '2023-06-12'),
('O0190', 'P0029', 'U0020', 3, '2022-04-14'),
('O0191', 'P0030', 'U0016', 3, '2023-07-31'),
('O0192', 'P0031', 'U0009', 5, '2022-08-12'),
('O0193', 'P0033', 'U0024', 3, '2023-10-28'),
('O0194', 'P0034', 'U0020', 7, '2022-03-03'),
('O0195', 'P0036', 'U0025', 1, '2022-01-14'),
('O0196', 'P0037', 'U0021', 4, '2023-11-09'),
('O0197', 'P0038', 'U0005', 2, '2023-08-16'),
('O0198', 'P0039', 'U0021', 7, '2022-11-01'),
('O0199', 'P0040', 'U0017', 6, '2023-01-21'),
('O0200', 'P0043', 'U0020', 3, '2023-01-08'),
('O0201', 'P0044', 'U0006', 1, '2022-09-15'),
('O0202', 'P0045', 'U0028', 2, '2022-08-03'),
('O0203', 'P0046', 'U0007', 7, '2022-08-23'),
('O0204', 'P0076', 'U0025', 2, '2023-09-06'),
('O0205', 'P0048', 'U0022', 4, '2023-11-30'),
('O0206', 'P0051', 'U0004', 7, '2022-09-07'),
('O0207', 'P0052', 'U0029', 6, '2023-06-19'),
('O0208', 'P0053', 'U0007', 5, '2023-08-03'),
('O0209', 'P0054', 'U0026', 7, '2022-06-12'),
('O0210', 'P0056', 'U0014', 6, '2022-06-19'),
('O0211', 'P0058', 'U0015', 3, '2023-06-01'),
('O0212', 'P0059', 'U0020', 3, '2022-03-10'),
('O0213', 'P0060', 'U0025', 6, '2023-05-31'),
('O0214', 'P0143', 'U0019', 6, '2022-04-01'),
('O0215', 'P0061', 'U0009', 3, '2022-11-26'),
('O0216', 'P0062', 'U0019', 5, '2023-07-01'),
('O0217', 'P0064', 'U0010', 2, '2022-07-09'),
('O0218', 'P0065', 'U0018', 7, '2023-08-05'),
('O0219', 'P0067', 'U0022', 2, '2022-01-07'),
('O0220', 'P0068', 'U0029', 1, '2022-07-12'),
('O0221', 'P0070', 'U0010', 3, '2023-06-30'),
('O0222', 'P0072', 'U0008', 2, '2022-03-11'),
('O0223', 'P0075', 'U0014', 3, '2023-10-08'),
('O0224', 'P0077', 'U0014', 3, '2022-06-11'),
('O0225', 'P0078', 'U0012', 7, '2023-09-15'),
('O0226', 'P0080', 'U0030', 1, '2022-06-29'),
('O0227', 'P0082', 'U0023', 6, '2022-03-25'),
('O0228', 'P0083', 'U0014', 7, '2023-11-07'),
('O0229', 'P0084', 'U0019', 4, '2022-12-23'),
('O0230', 'P0086', 'U0026', 3, '2023-05-23'),
('O0231', 'P0087', 'U0019', 1, '2022-08-05'),
('O0232', 'P0088', 'U0024', 2, '2022-01-28'),
('O0233', 'P0089', 'U0004', 6, '2022-03-04'),
('O0234', 'P0090', 'U0019', 4, '2022-08-10'),
('O0235', 'P0091', 'U0028', 4, '2022-04-15'),
('O0236', 'P0150', 'U0021', 3, '2022-04-17'),
('O0237', 'P0092', 'U0029', 4, '2023-03-13'),
('O0238', 'P0093', 'U0013', 3, '2022-03-04'),
('O0239', 'P0097', 'U0002', 1, '2023-06-17'),
('O0240', 'P0098', 'U0026', 4, '2022-07-15'),
('O0241', 'P0099', 'U0006', 4, '2022-10-27'),
('O0242', 'P0149', 'U0010', 2, '2022-09-18'),
('O0243', 'P0100', 'U0026', 1, '2023-10-20'),
('O0244', 'P0101', 'U0008', 2, '2022-01-31'),
('O0245', 'P0102', 'U0005', 2, '2022-07-10'),
('O0246', 'P0103', 'U0029', 5, '2022-04-08'),
('O0247', 'P0126', 'U0030', 4, '2023-11-27'),
('O0248', 'P0104', 'U0009', 7, '2023-03-04'),
('O0249', 'P0105', 'U0020', 1, '2022-12-03'),
('O0250', 'P0107', 'U0006', 4, '2022-06-17'),
('O0251', 'P0108', 'U0018', 2, '2023-10-07'),
('O0252', 'P0151', 'U0009', 7, '2022-02-02'),
('O0253', 'P0109', 'U0021', 6, '2022-06-25'),
('O0254', 'P0122', 'U0014', 2, '2022-03-27'),
('O0255', 'P0110', 'U0026', 2, '2022-07-14'),
('O0256', 'P0111', 'U0016', 2, '2023-09-28'),
('O0257', 'P0112', 'U0029', 1, '2022-11-26'),
('O0258', 'P0113', 'U0021', 6, '2023-03-05'),
('O0259', 'P0141', 'U0023', 1, '2023-10-08'),
('O0260', 'P0114', 'U0005', 4, '2022-03-15'),
('O0261', 'P0115', 'U0002', 3, '2022-02-19'),
('O0262', 'P0116', 'U0009', 7, '2023-11-05'),
('O0263', 'P0117', 'U0009', 1, '2023-02-03'),
('O0264', 'P0118', 'U0003', 4, '2022-10-09'),
('O0265', 'P0140', 'U0028', 7, '2022-01-23'),
('O0266', 'P0119', 'U0002', 5, '2023-09-13'),
('O0267', 'P0121', 'U0027', 7, '2023-10-03'),
('O0268', 'P0123', 'U0008', 2, '2023-07-09'),
('O0269', 'P0125', 'U0022', 1, '2023-10-31'),
('O0270', 'P0127', 'U0004', 3, '2023-01-14'),
('O0271', 'P0128', 'U0012', 1, '2022-12-14'),
('O0272', 'P0129', 'U0007', 5, '2023-08-23'),
('O0273', 'P0146', 'U0019', 7, '2022-01-04'),
('O0274', 'P0130', 'U0029', 5, '2022-04-15'),
('O0275', 'P0131', 'U0006', 2, '2022-06-03'),
('O0276', 'P0132', 'U0013', 2, '2022-01-10'),
('O0277', 'P0133', 'U0001', 3, '2022-12-18'),
('O0278', 'P0010', 'U0029', 3, '2023-09-02'),
('O0279', 'P0134', 'U0028', 6, '2023-02-15'),
('O0280', 'P0135', 'U0020', 3, '2023-09-23'),
('O0281', 'P0154', 'U0018', 7, '2022-07-15'),
('O0282', 'P0153', 'U0013', 7, '2022-07-22'),
('O0283', 'P0137', 'U0022', 4, '2023-08-10'),
('O0284', 'P0139', 'U0024', 2, '2022-09-12'),
('O0285', 'P0147', 'U0005', 4, '2022-10-20');

ALTER TABLE "public"."product" ADD FOREIGN KEY ("category_id") REFERENCES "public"."categories"("category_id");


-- Indices
CREATE UNIQUE INDEX "Product_pk" ON public.product USING btree (product_id);
ALTER TABLE "public"."payment" ADD FOREIGN KEY ("order_id") REFERENCES "public"."orders"("order_id");
ALTER TABLE "public"."payment" ADD FOREIGN KEY ("user_id") REFERENCES "public"."users"("user_id");


-- Indices
CREATE UNIQUE INDEX "Payment_pk" ON public.payment USING btree (payment_id);


-- Indices
CREATE UNIQUE INDEX "Categories_pk" ON public.categories USING btree (category_id);
ALTER TABLE "public"."reviews" ADD FOREIGN KEY ("user_id") REFERENCES "public"."users"("user_id");
ALTER TABLE "public"."reviews" ADD FOREIGN KEY ("product_id") REFERENCES "public"."product"("product_id");


-- Indices
CREATE UNIQUE INDEX "Reviews_pk" ON public.reviews USING btree (review_id);


-- Indices
CREATE UNIQUE INDEX "User_pk" ON public.users USING btree (user_id);
CREATE UNIQUE INDEX users_email_key ON public.users USING btree (email);
CREATE UNIQUE INDEX users_user_name_key ON public.users USING btree (user_name);
ALTER TABLE "public"."address" ADD FOREIGN KEY ("user_id") REFERENCES "public"."users"("user_id");


-- Indices
CREATE UNIQUE INDEX "Address_pk" ON public.address USING btree (user_id);
ALTER TABLE "public"."orders" ADD FOREIGN KEY ("user_id") REFERENCES "public"."users"("user_id");
ALTER TABLE "public"."orders" ADD FOREIGN KEY ("product_id") REFERENCES "public"."product"("product_id");


-- Indices
CREATE UNIQUE INDEX "Order_pk" ON public.orders USING btree (order_id);
